{
  "true": {
    "Phi0": 1.5e+16,
    "R": 12.0
  },
  "fit": {
    "Phi0": 1.4e+16,
    "R": 11.951638895210456,
    "loss": 2.1303675714227445e+28
  },
  "config": {
    "K": 50
  }
}